id,word,start_char,type,chain_id
0	Ознакомившись	0	None	None
1	с	14	None	None
2	эмоциональным	16	None	None
3	материалом	30	None	None
4	молодого	41	None	None
5	автора	50	None	None
6	фонда	57	None	None
7	Бёлля	63	None	None
8	,	68	None	None
9	редактор	70	coref	1445
10	раздела	79	None	None
11	Корреспонденция	87	None	None
12	ещё	103	None	None
13	раз	107	None	None
14	отметила	111	None	None
15	лукавую	120	None	None
16	улыбку	128	None	None
17	провидения	135	None	None
18	:	146	None	None
19	в	148	None	None
20	борьбе	150	None	None
21	за	157	None	None
22	свои	160	None	None
23	права	165	None	None
24	женщины	171	None	None
25	добились	179	None	None
26	лишь	188	None	None
27	учтивой	193	None	None
28	галочки	201	None	None
29	в	209	None	None
30	календаре	211	None	None
31	—	221	None	None
32	и	223	None	None
33	снова	225	None	None
34	недовольны	231	None	None
35	.	242	None	None
36	А	243	None	None
37	значит	245	None	None
38	,	251	None	None
39	есть	253	None	None
40	за	258	None	None
41	что	261	None	None
42	бороться	265	None	None
43	!	274	None	None
44	Подвявшие	275	None	None
45	мимозы	285	None	None
46	,	291	None	None
47	поникшие	293	None	None
48	тюльпаны	302	None	None
49	.	311	None	None
50	.	312	None	None
51	.	313	None	None
52	Уставшие	314	None	None
53	мужчины	323	None	None
54	столпились	331	None	None
55	как	342	None	None
56	бараны	346	None	None
57	.	353	None	None
58	И	354	None	None
59	мнут	356	None	None
60	в	361	None	None
61	руках	363	None	None
62	подарки	369	None	None
63	,	376	None	None
64	и	378	None	None
65	комкают	380	None	None
66	обёртки	388	None	None
67	,	395	None	None
68	и	397	None	None
69	думают	399	None	None
70	:	406	None	None
71	Когда	408	None	None
72	же	414	None	None
73	возьмут	417	None	None
74	подарки	425	None	None
75	тётки	433	None	None
76	?	439	None	None
77	А	441	None	None
78	ведь	443	None	None
79	ещё	448	None	None
80	(	452	None	None
81	вот	454	None	None
82	свинство	458	None	None
83	)	467	None	None
84	и	469	None	None
85	речь	471	None	None
86	толкать	476	None	None
87	придётся	484	None	None
88	.	493	None	None
89	А	494	None	None
90	может	496	None	None
91	,	501	None	None
92	чмокать	503	None	None
93	в	511	None	None
94	щёчку	513	None	None
95	.	519	None	None
96	.	520	None	None
97	.	521	None	None
98	Ну	523	None	None
99	вот	526	None	None
100	,	529	None	None
101	сейчас	531	None	None
102	начнётся	538	None	None
103	.	547	None	None
104	.	548	None	None
105	.	549	None	None
106	Но	551	None	None
107	невдомёк	554	None	None
108	беднягам	563	None	None
109	,	571	None	None
110	что	573	None	None
111	тёткам	577	None	None
112	тоже	584	None	None
113	гадко	589	None	None
114	.	595	None	None
115	.	596	None	None
116	.	597	None	None
117	Кому	598	None	None
118	же	603	None	None
119	оно	606	coref	1446
120	нужно	610	None	None
121	,	615	None	None
122	Восьмое	617	None	None
123	это	625	None	None
124	марта	629	coref	1446
125	!	635	None	None
126	Каждый	636	None	None
127	современный	643	None	None
128	человек	655	None	None
129	с	663	None	None
130	детства	665	None	None
131	знает	673	None	None
132	,	678	None	None
133	что	680	None	None
134	8	684	None	None
135	Марта	686	None	None
136	—	692	None	None
137	это	694	None	None
138	Международный	698	None	None
139	женский	712	None	None
140	день	720	coref	1446
141	,	724	None	None
142	когда	726	None	None
143	мужчинам	732	None	None
144	всех	741	None	None
145	возрастов	746	None	None
146	предписано	756	None	None
147	чествовать	767	None	None
148	женщин	778	coref	1447
149	опять	785	None	None
150	-	791	None	None
151	таки	793	None	None
152	всех	798	None	None
153	возрастов	803	None	None
154	и	813	None	None
155	баловать	815	None	None
156	их	824	coref	1447
157	днём	827	None	None
158	отдыха	832	None	None
159	от	839	None	None
160	домашних	842	None	None
161	обязанностей	851	None	None
162	.	864	None	None
163	И	865	None	None
164	праздник	867	coref	1446
165	традиционно	876	None	None
166	ассоциируется	888	None	None
167	с	902	None	None
168	чем	904	None	None
169	-	907	None	None
170	то	908	None	None
171	весенним	911	None	None
172	и	920	None	None
173	светлым	922	None	None
174	(	930	None	None
175	вероятно	932	None	None
176	,	940	None	None
177	потому	942	None	None
178	,	948	None	None
179	что	950	None	None
180	выпадает	954	None	None
181	на	963	None	None
182	начало	966	None	None
183	марта	973	None	None
184	,	978	None	None
185	когда	980	None	None
186	уставшие	986	None	None
187	от	995	None	None
188	зимы	998	None	None
189	люди	1003	None	None
190	радуются	1008	None	None
191	первому	1017	None	None
192	солнцу	1025	None	None
193	,	1031	None	None
194	а	1033	None	None
195	также	1035	None	None
196	потому	1041	None	None
197	,	1047	None	None
198	что	1049	None	None
199	он	1053	coref	1446
200	сопровождается	1056	None	None
201	дополнительным	1071	None	None
202	законным	1086	None	None
203	выходным	1095	None	None
204	)	1104	None	None
205	.	1106	None	None
206	Однако	1107	None	None
207	современный	1114	None	None
208	,	1125	None	None
209	лишённый	1127	None	None
210	всякой	1136	None	None
211	политической	1143	None	None
212	окраски	1156	None	None
213	Женский	1164	None	None
214	день	1172	coref	1446
215	мало	1177	None	None
216	похож	1182	None	None
217	на	1188	None	None
218	своего	1191	coref	1446
219	исторического	1198	None	None
220	предка	1212	coref	1448
221	,	1219	None	None
222	который	1221	coref	1448
223	отнюдь	1229	None	None
224	не	1236	None	None
225	может	1239	None	None
226	похвастаться	1245	None	None
227	такими	1258	None	None
228	радужными	1265	None	None
229	коннотациями	1275	None	None
230	.	1288	None	None
231	Международный	1289	None	None
232	женский	1303	None	None
233	день	1311	coref	1446
234	своими	1316	coref	1446
235	корнями	1323	None	None
236	уходит	1331	None	None
237	в	1338	None	None
238	долгую	1340	None	None
239	борьбу	1347	None	None
240	женщин	1354	None	None
241	за	1361	None	None
242	участие	1364	None	None
243	в	1372	None	None
244	жизни	1374	None	None
245	общества	1380	None	None
246	наравне	1389	None	None
247	с	1397	None	None
248	мужчинами	1399	None	None
249	.	1409	None	None
250	Считается	1410	None	None
251	,	1419	None	None
252	что	1421	None	None
253	всё	1425	None	None
254	началось	1429	None	None
255	в	1438	None	None
256	1857	1440	None	None
257	году	1445	None	None
258	маршем	1450	None	None
259	пустых	1457	None	None
260	кастрюль	1464	None	None
261	,	1473	None	None
262	когда	1475	None	None
263	в	1481	None	None
264	Нью	1483	None	None
265	-	1486	None	None
266	Йорке	1487	None	None
267	работницы	1493	None	None
268	текстильной	1503	None	None
269	промышленности	1515	None	None
270	собрались	1530	None	None
271	на	1540	None	None
272	манифестацию	1543	None	None
273	с	1556	None	None
274	требованиями	1558	None	None
275	равной	1571	None	None
276	с	1578	None	None
277	мужчинами	1580	None	None
278	оплаты	1590	None	None
279	труда	1597	None	None
280	и	1603	None	None
281	улучшения	1605	None	None
282	рабочих	1615	None	None
283	условий	1623	None	None
284	.	1631	None	None
285	В	1632	None	None
286	1910	1634	None	None
287	году	1639	None	None
288	Клара	1644	None	None
289	Цеткин	1650	None	None
290	предложила	1657	None	None
291	учредить	1668	None	None
292	Международный	1677	None	None
293	женский	1691	None	None
294	день	1699	coref	1446
295	8	1704	None	None
296	марта	1706	None	None
297	в	1712	None	None
298	честь	1714	None	None
299	марша	1720	None	None
300	пустых	1726	None	None
301	кастрюль	1733	None	None
302	.	1742	None	None
303	Только	1743	None	None
304	вот	1750	None	None
305	собственно	1754	None	None
306	праздником	1765	None	None
307	этот	1776	None	None
308	день	1781	coref	1446
309	не	1786	None	None
310	был	1789	None	None
311	.	1793	None	None
312	Имелось	1794	None	None
313	в	1802	None	None
314	виду	1804	None	None
315	,	1808	None	None
316	что	1810	None	None
317	женщины	1814	coref	1449
318	в	1822	None	None
319	этот	1824	None	None
320	день	1829	coref	1446
321	будут	1834	None	None
322	привлекать	1840	None	None
323	общественное	1851	None	None
324	внимание	1864	None	None
325	к	1873	None	None
326	своим	1875	coref	1449
327	проблемам	1881	None	None
328	,	1890	None	None
329	устраивая	1892	None	None
330	манифестации	1902	None	None
331	и	1915	None	None
332	митинги	1917	None	None
333	для	1925	None	None
334	борьбы	1929	None	None
335	с	1936	None	None
336	неравноправием	1938	None	None
337	и	1953	None	None
338	дискриминацией	1955	None	None
339	.	1970	None	None
340	В	1971	None	None
341	России	1973	None	None
342	история	1980	None	None
343	Женского	1988	None	None
344	дня	1997	coref	1446
345	начинается	2001	None	None
346	с	2012	None	None
347	1913	2014	None	None
348	года	2019	None	None
349	,	2023	None	None
350	и	2025	None	None
351	только	2027	None	None
352	в	2034	None	None
353	1965	2036	None	None
354	-	2040	None	None
355	м	2041	None	None
356	8	2043	None	None
357	Марта	2045	None	None
358	официально	2051	None	None
359	становится	2062	None	None
360	выходным	2073	None	None
361	днём	2082	None	None
362	и	2087	None	None
363	начинает	2089	None	None
364	приобретать	2098	None	None
365	современные	2110	None	None
366	черты	2122	None	None
367	.	2128	None	None
368	Сегодня	2129	None	None
369	большинство	2137	None	None
370	воспринимает	2149	None	None
371	8	2162	None	None
372	Марта	2164	None	None
373	как	2170	None	None
374	своеобразный	2174	None	None
375	второй	2187	None	None
376	этап	2194	None	None
377	23	2199	None	None
378	Февраля	2202	None	None
379	,	2209	None	None
380	когда	2211	None	None
381	традиционно	2217	None	None
382	поздравляют	2229	None	None
383	всех	2241	None	None
384	мужчин	2246	None	None
385	.	2253	None	None
386	Так	2254	None	None
387	и	2258	None	None
388	существуют	2260	None	None
389	в	2271	None	None
390	календаре	2273	None	None
391	Мужской	2283	None	None
392	и	2291	None	None
393	Женский	2293	None	None
394	день	2301	None	None
395	как	2306	None	None
396	дань	2310	None	None
397	обоим	2315	None	None
398	полам	2321	None	None
399	(	2327	None	None
400	по	2329	None	None
401	выражению	2332	None	None
402	одного	2342	None	None
403	из	2349	None	None
404	студентов	2352	coref	1450
405	,	2361	None	None
406	среди	2363	None	None
407	которых	2369	coref	1450
408	Ивановский	2377	None	None
409	центр	2388	None	None
410	гендерных	2394	None	None
411	исследований	2404	None	None
412	проводил	2417	None	None
413	опрос	2426	None	None
414	,	2431	None	None
415	пытаясь	2433	None	None
416	выяснить	2441	None	None
417	отношение	2450	None	None
418	молодёжи	2460	None	None
419	к	2469	None	None
420	этим	2471	None	None
421	праздникам	2476	None	None
422	)	2487	None	None
423	.	2489	None	None
424	Для	2490	None	None
425	многих	2494	None	None
426	и	2501	None	None
427	23	2503	None	None
428	Февраля	2506	None	None
429	,	2513	None	None
430	и	2515	None	None
431	8	2517	None	None
432	Марта	2519	None	None
433	—	2525	None	None
434	это	2527	None	None
435	ритуальный	2531	None	None
436	обмен	2542	coref	1451
437	подарками	2548	None	None
438	,	2557	None	None
439	который	2559	coref	1451
440	мало	2567	None	None
441	влияет	2572	None	None
442	на	2579	None	None
443	взаимоотношения	2582	coref	1452
444	(	2598	None	None
445	хотя	2600	None	None
446	может	2605	None	None
447	их	2611	coref	1452
448	испортить	2614	None	None
449	,	2623	None	None
450	если	2625	None	None
451	ритуал	2630	None	None
452	не	2637	None	None
453	соблюдён	2640	None	None
454	)	2649	None	None
455	.	2651	None	None
456	Некоторые	2652	None	None
457	из	2662	None	None
458	опрошенных	2665	None	None
459	не	2676	None	None
460	видят	2679	None	None
461	смысла	2685	None	None
462	в	2692	None	None
463	празднике	2694	None	None
464	8	2704	None	None
465	Марта	2706	None	None
466	,	2711	None	None
467	по	2713	None	None
468	крайней	2716	None	None
469	мере	2724	None	None
470	в	2729	None	None
471	нынешнем	2731	None	None
472	варианте	2740	None	None
473	.	2749	None	None
474	И	2750	None	None
475	воспринимают	2752	None	None
476	его	2765	coref	1446
477	как	2769	None	None
478	ещё	2773	None	None
479	один	2777	None	None
480	законный	2782	None	None
481	выходной	2791	None	None
482	,	2799	None	None
483	правда	2801	None	None
484	предусматривающий	2808	None	None
485	дарение	2826	None	None
486	подарков	2834	None	None
487	и	2843	None	None
488	распевание	2845	None	None
489	дифирамбов	2856	None	None
490	прекрасной	2867	None	None
491	даме	2878	None	None
492	.	2883	None	None
493	И	2884	None	None
494	ещё	2886	None	None
495	как	2890	None	None
496	повод	2894	None	None
497	собраться	2900	None	None
498	всей	2910	None	None
499	семьёй	2915	None	None
500	.	2922	None	None
501	То	2923	None	None
502	есть	2926	None	None
503	смысл	2931	None	None
504	праздника	2937	coref	1446
505	изменился	2947	None	None
506	кардинально	2957	None	None
507	—	2969	None	None
508	парадокс	2971	None	None
509	,	2979	None	None
510	но	2981	None	None
511	от	2984	None	None
512	дня	2987	coref	1446
513	борьбы	2991	None	None
514	женщин	2998	None	None
515	за	3005	None	None
516	равные	3008	None	None
517	с	3015	None	None
518	мужчинами	3017	None	None
519	права	3027	None	None
520	мы	3033	None	None
521	пришли	3036	None	None
522	фактически	3043	None	None
523	к	3054	None	None
524	празднованию	3056	None	None
525	на	3069	None	None
526	государственном	3072	None	None
527	уровне	3088	None	None
528	дня	3095	coref	1446
529	сексистских	3099	None	None
530	стереотипов	3111	None	None
531	.	3123	None	None
532	Да	3124	None	None
533	и	3127	None	None
534	само	3129	None	None
535	существование	3134	None	None
536	Женского	3148	None	None
537	дня	3157	coref	1446
538	календаря	3161	None	None
539	в	3171	None	None
540	современном	3173	None	None
541	виде	3185	None	None
542	подчёркивает	3190	None	None
543	его	3203	coref	1446
544	сексистский	3207	None	None
545	характер	3219	None	None
546	.	3228	None	None
547	И	3229	None	None
548	23	3231	None	None
549	Февраля	3234	None	None
550	не	3242	None	None
551	оправдание	3245	None	None
552	:	3256	None	None
553	День	3258	None	None
554	защитника	3263	None	None
555	Отечества	3273	None	None
556	по	3283	None	None
557	сути	3286	None	None
558	гендерно	3291	None	None
559	нейтральный	3300	None	None
560	праздник	3312	None	None
561	,	3320	None	None
562	касающийся	3322	None	None
563	именно	3333	None	None
564	тех	3340	None	None
565	,	3343	None	None
566	кто	3345	None	None
567	служил	3349	None	None
568	в	3356	None	None
569	армии	3358	None	None
570	,	3363	None	None
571	независимо	3365	None	None
572	от	3376	None	None
573	пола	3379	None	None
574	,	3383	None	None
575	поскольку	3385	None	None
576	даже	3395	None	None
577	в	3400	None	None
578	нашей	3402	None	None
579	армии	3408	coref	1453
580	служат	3414	None	None
581	не	3421	None	None
582	только	3424	None	None
583	мужчины	3431	coref	1454
584	,	3438	None	None
585	а	3440	None	None
586	многие	3442	None	None
587	из	3449	None	None
588	них	3452	coref	1454
589	в	3456	None	None
590	ней	3458	coref	1453
591	никогда	3462	None	None
592	и	3470	None	None
593	не	3472	None	None
594	служили	3475	None	None
595	.	3483	None	None
596	За	3484	None	None
597	что	3487	None	None
598	я	3491	coref	1445
599	не	3493	None	None
600	люблю	3496	None	None
601	8	3502	None	None
602	Марта	3504	None	None
603	?	3510	None	None
604	За	3511	None	None
605	то	3514	None	None
606	,	3516	None	None
607	что	3518	None	None
608	в	3522	None	None
609	этот	3524	None	None
610	день	3529	coref	1446
611	тебе	3534	coref	1455
612	особенно	3539	None	None
613	настойчиво	3548	None	None
614	напоминают	3559	None	None
615	о	3570	None	None
616	твоём	3572	None	None
617	месте	3578	None	None
618	,	3584	None	None
619	освобождая	3586	None	None
620	на	3597	None	None
621	целый	3600	None	None
622	день	3606	None	None
623	ради	3611	None	None
624	праздника	3616	coref	1446
625	от	3626	None	None
626	домашних	3629	None	None
627	дел	3638	None	None
628	.	3642	None	None
629	За	3643	None	None
630	то	3646	None	None
631	,	3648	None	None
632	что	3650	None	None
633	не	3654	None	None
634	дают	3657	None	None
635	забыть	3662	None	None
636	о	3669	None	None
637	твоих	3671	coref	1455
638	гендерных	3677	None	None
639	рамках	3687	None	None
640	:	3694	None	None
641	ты	3696	coref	1455
642	должна	3699	None	None
643	(	3706	None	None
644	правда	3708	None	None
645	,	3714	None	None
646	непонятно	3716	None	None
647	,	3725	None	None
648	кому	3727	None	None
649	должна	3732	None	None
650	)	3739	None	None
651	быть	3741	None	None
652	заботливой	3746	None	None
653	,	3756	None	None
654	ласковой	3758	None	None
655	,	3766	None	None
656	нежной	3768	None	None
657	,	3774	None	None
658	красивой	3776	None	None
659	,	3784	None	None
660	терпеливой	3786	None	None
661	,	3796	None	None
662	понимающей	3798	None	None
663	,	3808	None	None
664	хорошей	3810	None	None
665	мамой	3818	None	None
666	,	3823	None	None
667	если	3825	None	None
668	ты	3830	coref	1455
669	уже	3833	None	None
670	выросла	3837	None	None
671	,	3844	None	None
672	а	3846	None	None
673	если	3848	None	None
674	нет	3853	None	None
675	,	3856	None	None
676	то	3858	None	None
677	в	3861	None	None
678	будущем	3863	None	None
679	стать	3871	None	None
680	заботливой	3877	None	None
681	женой	3888	None	None
682	и	3894	None	None
683	хозяйкой	3896	None	None
684	и	3905	None	None
685	нарожать	3907	None	None
686	побольше	3916	None	None
687	детей	3925	None	None
688	,	3930	None	None
689	чтобы	3932	None	None
690	обеспечить	3938	None	None
691	расширенное	3949	None	None
692	воспроизводство	3961	None	None
693	населения	3977	None	None
694	.	3987	None	None
695	За	3988	None	None
696	это	3991	None	None
697	тебя	3995	coref	1455
698	провозгласят	4000	None	None
699	настоящей	4013	None	None
700	женщиной	4023	None	None
701	и	4032	None	None
702	подарят	4034	None	None
703	ветку	4042	None	None
704	мимозы	4048	None	None
705	,	4054	None	None
706	или	4056	None	None
707	несколько	4060	None	None
708	гвоздичек	4070	None	None
709	,	4079	None	None
710	или	4081	None	None
711	розочку	4085	None	None
712	…	4093	None	None
713	Не	4094	None	None
714	люблю	4097	None	None
715	за	4103	None	None
716	то	4106	None	None
717	,	4108	None	None
718	что	4110	None	None
719	уставшие	4114	None	None
720	от	4123	None	None
721	домашних	4126	None	None
722	хлопот	4135	None	None
723	мужчины	4142	None	None
724	будут	4150	None	None
725	с	4156	None	None
726	тоской	4158	None	None
727	и	4165	None	None
728	нетерпением	4167	None	None
729	ждать	4179	None	None
730	наступающего	4185	None	None
731	9	4198	None	None
732	марта	4200	None	None
733	,	4205	None	None
734	когда	4207	None	None
735	всё	4213	None	None
736	вернётся	4217	None	None
737	на	4226	None	None
738	круги	4229	None	None
739	своя	4235	None	None
740	,	4239	None	None
741	ты	4241	coref	1455
742	займёшь	4244	None	None
743	полагающееся	4252	None	None
744	тебе	4265	coref	1455
745	место	4270	None	None
746	и	4276	None	None
747	вымоешь	4278	None	None
748	оставшуюся	4286	None	None
749	с	4297	None	None
750	предыдущего	4299	None	None
751	праздничного	4311	None	None
752	вечера	4324	None	None
753	посуду	4331	None	None
754	.	4338	None	None
755	Но	4339	None	None
756	самое	4342	None	None
757	главное	4348	None	None
758	,	4355	None	None
759	что	4357	None	None
760	во	4361	None	None
761	всём	4364	None	None
762	этом	4369	None	None
763	чествовании	4374	None	None
764	нет	4386	None	None
765	искренности	4390	None	None
766	.	4402	None	None
767	Быть	4403	None	None
768	может	4408	None	None
769	,	4413	None	None
770	потому	4415	None	None
771	,	4421	None	None
772	что	4423	None	None
773	поздравлять	4427	None	None
774	особенно	4439	None	None
775	не	4448	None	None
776	за	4451	None	None
777	что	4454	None	None
778	—	4458	None	None
779	не	4460	None	None
780	за	4463	None	None
781	то	4466	None	None
782	же	4469	None	None
783	обстоятельство	4472	None	None
784	,	4486	None	None
785	в	4488	None	None
786	конце	4490	None	None
787	концов	4496	None	None
788	,	4502	None	None
789	что	4504	None	None
790	я	4508	coref	1445
791	родилась	4510	None	None
792	женщиной	4519	None	None
793	и	4528	None	None
794	у	4530	None	None
795	меня	4532	coref	1445
796	нет	4537	None	None
797	пресловутой	4541	None	None
798	Y	4553	None	None
799	-	4554	None	None
800	хромосомы	4555	None	None
801	.	4565	None	None
802	.	4566	None	None
803	.	4567	None	None
804	Почему	4568	None	None
805	-	4574	None	None
806	то	4575	None	None
807	особенно	4578	None	None
808	остро	4587	None	None
809	всё	4593	None	None
810	это	4597	None	None
811	чувствуется	4601	None	None
812	именно	4613	None	None
813	в	4620	None	None
814	Женский	4622	None	None
815	день	4630	coref	1446
816	,	4634	None	None
817	не	4636	None	None
818	оставляя	4639	None	None
819	места	4648	None	None
820	для	4654	None	None
821	радости	4658	None	None
822	.	4666	None	None
823	Так	4667	None	None
824	и	4671	None	None
825	получается	4673	None	None
826	,	4683	None	None
827	что	4685	None	None
828	праздник	4689	coref	1446
829	фальшивый	4698	None	None
830	,	4707	None	None
831	особенно	4709	None	None
832	принимая	4718	None	None
833	во	4727	None	None
834	внимание	4730	None	None
835	то	4739	None	None
836	,	4741	None	None
837	что	4743	None	None
838	за	4747	None	None
839	пределами	4750	None	None
840	этого	4760	None	None
841	островка	4766	coref	1446
842	мнимого	4775	None	None
843	равноправия	4783	None	None
844	длиною	4795	None	None
845	в	4802	None	None
846	день	4804	None	None
847	лежат	4809	None	None
848	364	4815	None	None
849	дня	4819	None	None
850	отнюдь	4823	None	None
851	не	4830	None	None
852	женских	4833	None	None
853	,	4840	None	None
854	а	4842	None	None
855	вполне	4844	None	None
856	мужских	4851	None	None
857	,	4858	None	None
858	где	4860	None	None
859	ты	4864	coref	1455
860	и	4867	None	None
861	призвана	4869	None	None
862	претворять	4878	None	None
863	в	4889	None	None
864	жизнь	4891	None	None
865	все	4897	None	None
866	те	4901	None	None
867	пожелания	4904	coref	1456
868	,	4913	None	None
869	которые	4915	coref	1456
870	были	4923	None	None
871	получены	4928	None	None
872	тобой	4937	coref	1455
873	8	4943	coref	1446
874	Марта	4945	None	None
875	.	4951	None	None
876	Но	4952	None	None
877	это	4955	None	None
878	ещё	4959	None	None
879	полбеды	4963	None	None
880	,	4970	None	None
881	проблема	4972	None	None
882	в	4981	None	None
883	том	4983	None	None
884	,	4986	None	None
885	что	4988	None	None
886	в	4992	None	None
887	остальное	4994	None	None
888	время	5004	None	None
889	мы	5010	None	None
890	постоянно	5013	None	None
891	сталкиваемся	5023	None	None
892	с	5036	None	None
893	сексизмом	5038	None	None
894	и	5048	None	None
895	гендерными	5050	None	None
896	стереотипами	5061	None	None
897	.	5074	None	None
898	До	5075	None	None
899	сих	5078	None	None
900	пор	5082	None	None
901	удел	5086	None	None
902	женщины	5091	coref	1457
903	—	5099	None	None
904	это	5101	None	None
905	домашний	5105	None	None
906	очаг	5114	None	None
907	,	5118	None	None
908	забота	5120	None	None
909	о	5127	None	None
910	детях	5129	None	None
911	и	5135	None	None
912	муже	5137	None	None
913	.	5142	None	None
914	Образование	5143	None	None
915	не	5155	None	None
916	главное	5158	None	None
917	,	5165	None	None
918	главное	5167	None	None
919	—	5175	None	None
920	удачно	5177	None	None
921	выйти	5184	None	None
922	замуж	5190	None	None
923	и	5196	None	None
924	нарожать	5198	None	None
925	детей	5207	None	None
926	,	5212	None	None
927	выполнив	5214	None	None
928	тем	5223	None	None
929	самым	5227	None	None
930	свою	5233	coref	1457
931	биологическую	5238	None	None
932	миссию	5252	None	None
933	.	5259	None	None
934	Ум	5260	None	None
935	,	5262	None	None
936	видимо	5264	None	None
937	,	5270	None	None
938	тоже	5272	None	None
939	не	5277	None	None
940	относится	5280	None	None
941	к	5290	None	None
942	числу	5292	None	None
943	женских	5298	None	None
944	добродетелей	5306	None	None
945	,	5318	None	None
946	вернее	5320	None	None
947	тот	5327	None	None
948	ум	5331	coref	1458
949	,	5333	None	None
950	который	5335	coref	1458
951	является	5343	None	None
952	достоянием	5352	None	None
953	мужчины	5363	None	None
954	.	5371	None	None
955	Для	5372	None	None
956	женщины	5376	None	None
957	необходимы	5384	None	None
958	житейская	5395	None	None
959	мудрость	5405	None	None
960	и	5414	None	None
961	хитрость	5416	None	None
962	.	5425	None	None
963	Один	5426	None	None
964	мой	5431	coref	1445
965	знакомый	5435	None	None
966	однажды	5444	None	None
967	рассказал	5452	None	None
968	,	5461	None	None
969	что	5463	None	None
970	нужно	5467	None	None
971	делать	5473	None	None
972	,	5479	None	None
973	если	5481	None	None
974	случилось	5486	None	None
975	так	5496	None	None
976	,	5499	None	None
977	что	5501	None	None
978	ты	5505	None	None
979	умна	5508	None	None
980	.	5513	None	None
981	Совет	5514	None	None
982	прост	5520	None	None
983	—	5526	None	None
984	прячь	5528	None	None
985	,	5533	None	None
986	маскируй	5535	None	None
987	и	5544	None	None
988	не	5546	None	None
989	демонстрируй	5549	None	None
990	свой	5562	None	None
991	ум	5567	None	None
992	мужчинам	5570	None	None
993	,	5578	None	None
994	иначе	5580	None	None
995	беда	5586	None	None
996	.	5591	None	None
997	Также	5592	None	None
998	настоящая	5598	None	None
999	женщина	5608	None	None
1000	должна	5616	None	None
1001	быть	5623	None	None
1002	внешне	5628	None	None
1003	привлекательной	5635	None	None
1004	:	5651	None	None
1005	глянцевые	5653	None	None
1006	женские	5663	None	None
1007	журналы	5671	None	None
1008	учат	5679	None	None
1009	нас	5684	None	None
1010	,	5687	None	None
1011	что	5689	None	None
1012	надеть	5693	None	None
1013	,	5699	None	None
1014	чтобы	5701	None	None
1015	понравиться	5707	None	None
1016	мужчинам	5719	None	None
1017	,	5727	None	None
1018	какой	5729	None	None
1019	сделать	5735	None	None
1020	макияж	5743	None	None
1021	,	5749	None	None
1022	чтобы	5751	None	None
1023	понравиться	5757	None	None
1024	мужчинам	5769	None	None
1025	,	5777	None	None
1026	как	5779	None	None
1027	причесаться	5783	None	None
1028	,	5794	None	None
1029	чтобы	5796	None	None
1030	понравиться	5802	None	None
1031	мужчинам	5814	None	None
1032	,	5822	None	None
1033	как	5824	None	None
1034	вести	5828	None	None
1035	беседу	5834	None	None
1036	,	5840	None	None
1037	чтобы	5842	None	None
1038	понравиться	5848	None	None
1039	мужчинам	5860	None	None
1040	,	5868	None	None
1041	вообще	5870	None	None
1042	как	5877	None	None
1043	себя	5881	None	None
1044	вести	5886	None	None
1045	,	5891	None	None
1046	чтобы	5893	None	None
1047	,	5898	None	None
1048	опять	5900	None	None
1049	же	5906	None	None
1050	,	5908	None	None
1051	понравиться	5910	None	None
1052	мужчинам	5922	None	None
1053	.	5931	None	None
1054	Да	5932	None	None
1055	,	5934	None	None
1056	работа	5936	coref	1459
1057	—	5943	None	None
1058	это	5945	None	None
1059	тоже	5949	None	None
1060	хорошо	5954	None	None
1061	,	5960	None	None
1062	но	5962	None	None
1063	такая	5965	None	None
1064	,	5970	None	None
1065	которая	5972	coref	1459
1066	бы	5980	None	None
1067	не	5983	None	None
1068	сильно	5986	None	None
1069	отвлекала	5993	None	None
1070	от	6003	None	None
1071	основного	6006	None	None
1072	предназначения	6016	None	None
1073	.	6031	None	None
1074	Так	6032	None	None
1075	невольно	6036	None	None
1076	и	6045	None	None
1077	задумаешься	6047	None	None
1078	иногда	6059	None	None
1079	,	6065	None	None
1080	что	6067	None	None
1081	не	6071	None	None
1082	очень	6074	None	None
1083	-	6079	None	None
1084	то	6080	None	None
1085	хочется	6083	None	None
1086	стремиться	6091	None	None
1087	к	6102	None	None
1088	идеалу	6104	None	None
1089	настоящей	6111	None	None
1090	женщины	6121	coref	1460
1091	…	6129	None	None
1092	Однажды	6130	None	None
1093	в	6138	None	None
1094	транспорте	6140	None	None
1095	по	6151	None	None
1096	пути	6154	None	None
1097	на	6159	None	None
1098	работу	6162	None	None
1099	стала	6169	None	None
1100	невольным	6175	None	None
1101	слушателем	6185	None	None
1102	передачи	6196	None	None
1103	в	6205	None	None
1104	утреннем	6207	None	None
1105	эфире	6216	None	None
1106	одной	6222	None	None
1107	из	6228	None	None
1108	популярных	6231	None	None
1109	радиостанций	6242	None	None
1110	.	6255	None	None
1111	Темой	6256	None	None
1112	для	6262	None	None
1113	обсуждения	6266	None	None
1114	стало	6277	None	None
1115	истинное	6283	None	None
1116	значение	6292	None	None
1117	женских	6301	None	None
1118	слёз	6309	coref	1461
1119	,	6313	None	None
1120	искренни	6315	None	None
1121	ли	6324	None	None
1122	они	6327	coref	1461
1123	,	6330	None	None
1124	или	6332	None	None
1125	же	6336	None	None
1126	это	6339	None	None
1127	ещё	6343	None	None
1128	одна	6347	None	None
1129	женская	6352	None	None
1130	уловка	6360	None	None
1131	с	6367	None	None
1132	целью	6369	None	None
1133	раскрутить	6375	None	None
1134	мужчину	6386	None	None
1135	на	6394	None	None
1136	подарки	6397	None	None
1137	или	6405	None	None
1138	же	6409	None	None
1139	просто	6412	None	None
1140	для	6419	None	None
1141	того	6423	None	None
1142	,	6427	None	None
1143	чтобы	6429	None	None
1144	добиться	6435	None	None
1145	своего	6444	coref	1460
1146	.	6451	None	None
1147	Как	6452	None	None
1148	и	6456	None	None
1149	следовало	6458	None	None
1150	ожидать	6468	None	None
1151	,	6475	None	None
1152	все	6477	None	None
1153	мы	6481	None	None
1154	плачем	6484	None	None
1155	исключительно	6491	None	None
1156	потому	6505	None	None
1157	,	6511	None	None
1158	что	6513	None	None
1159	хотим	6517	None	None
1160	получить	6523	None	None
1161	новое	6532	None	None
1162	колечко	6538	None	None
1163	,	6545	None	None
1164	шубу	6547	None	None
1165	,	6551	None	None
1166	машину	6553	None	None
1167	,	6559	None	None
1168	яхту	6561	None	None
1169	и	6566	None	None
1170	т	6568	None	None
1171	.	6570	None	None
1172	п	6572	None	None
1173	.	6574	None	None
1174	в	6576	None	None
1175	зависимости	6578	None	None
1176	от	6590	None	None
1177	притязаний	6593	None	None
1178	женщины	6604	None	None
1179	и	6612	None	None
1180	платёжеспособности	6614	None	None
1181	мужчины	6633	None	None
1182	.	6641	None	None
1183	Дискриминация	6642	None	None
1184	,	6655	None	None
1185	в	6657	None	None
1186	частности	6659	None	None
1187	на	6669	None	None
1188	рынке	6672	None	None
1189	труда	6678	None	None
1190	,	6683	None	None
1191	цветёт	6685	None	None
1192	махровым	6692	None	None
1193	цветом	6701	None	None
1194	,	6707	None	None
1195	как	6709	None	None
1196	пресловутые	6713	None	None
1197	восьмомартовские	6725	None	None
1198	мимозы	6742	None	None
1199	.	6749	None	None
1200	Порой	6750	None	None
1201	кажется	6756	None	None
1202	,	6763	None	None
1203	что	6765	None	None
1204	женщине	6769	None	None
1205	найти	6777	None	None
1206	хорошую	6783	None	None
1207	и	6791	None	None
1208	перспективную	6793	None	None
1209	работу	6807	None	None
1210	крайне	6814	None	None
1211	сложно	6821	None	None
1212	.	6828	None	None
1213	Не	6829	None	None
1214	замужем	6832	None	None
1215	и	6840	None	None
1216	без	6842	None	None
1217	детей	6846	None	None
1218	?	6852	None	None
1219	Плохо	6853	None	None
1220	,	6858	None	None
1221	потому	6860	None	None
1222	что	6867	None	None
1223	выйдешь	6871	None	None
1224	замуж	6879	None	None
1225	,	6884	None	None
1226	родишь	6886	None	None
1227	и	6893	None	None
1228	уйдёшь	6895	None	None
1229	в	6902	None	None
1230	декрет	6904	None	None
1231	.	6911	None	None
1232	Не	6912	None	None
1233	замужем	6915	None	None
1234	и	6923	None	None
1235	с	6925	None	None
1236	ребёнком	6927	None	None
1237	?	6936	None	None
1238	Опять	6937	None	None
1239	плохо	6943	None	None
1240	—	6949	None	None
1241	постоянные	6951	None	None
1242	больничные	6962	None	None
1243	.	6973	None	None
1244	Замужем	6974	None	None
1245	и	6982	None	None
1246	дети	6984	None	None
1247	есть	6989	None	None
1248	?	6994	None	None
1249	Плохо	6995	None	None
1250	,	7000	None	None
1251	плохо	7002	None	None
1252	,	7007	None	None
1253	плохо	7009	None	None
1254	.	7015	None	None
1255	.	7016	None	None
1256	.	7017	None	None
1257	Чтобы	7018	None	None
1258	занять	7024	None	None
1259	высокую	7031	None	None
1260	руководящую	7039	None	None
1261	должность	7051	coref	1462
1262	,	7060	None	None
1263	женщине	7062	coref	1463
1264	придётся	7070	None	None
1265	потрудиться	7079	None	None
1266	значительно	7091	None	None
1267	больше	7103	None	None
1268	,	7109	None	None
1269	а	7111	None	None
1270	добившись	7113	None	None
1271	успеха	7123	None	None
1272	,	7129	None	None
1273	постоянно	7131	None	None
1274	доказывать	7141	None	None
1275	,	7151	None	None
1276	что	7153	None	None
1277	она	7157	coref	1463
1278	достойна	7161	None	None
1279	занимать	7170	None	None
1280	её	7179	coref	1462
1281	.	7182	None	None
1282	Почему	7183	None	None
1283	-	7189	None	None
1284	то	7190	None	None
1285	если	7193	None	None
1286	мужчина	7198	coref	1464
1287	делает	7206	None	None
1288	успешную	7213	None	None
1289	карьеру	7222	None	None
1290	,	7229	None	None
1291	значит	7231	None	None
1292	он	7238	coref	1464
1293	умён	7241	None	None
1294	и	7246	None	None
1295	обладает	7248	None	None
1296	соответствующей	7257	None	None
1297	компетенцией	7273	None	None
1298	.	7286	None	None
1299	Если	7287	None	None
1300	женщина	7292	coref	1465
1301	—	7300	None	None
1302	то	7302	None	None
1303	сразу	7305	None	None
1304	возникают	7311	None	None
1305	вопросы	7321	None	None
1306	по	7329	None	None
1307	поводу	7332	None	None
1308	того	7339	None	None
1309	,	7343	None	None
1310	каким	7345	None	None
1311	образом	7351	None	None
1312	она	7359	coref	1465
1313	добивается	7363	None	None
1314	повышения	7374	None	None
1315	…	7384	None	None
1316	Спрашивается	7385	None	None
1317	,	7397	None	None
1318	чего	7399	None	None
1319	я	7404	coref	1445
1320	хочу	7406	None	None
1321	?	7411	None	None
1322	Чтобы	7412	None	None
1323	меня	7418	coref	1445
1324	уважали	7423	None	None
1325	как	7431	None	None
1326	человека	7435	None	None
1327	и	7444	None	None
1328	личность	7446	None	None
1329	365	7455	None	None
1330	дней	7459	None	None
1331	в	7464	None	None
1332	году	7466	None	None
1333	.	7471	None	None
1334	При	7472	None	None
1335	этом	7476	None	None
1336	вовсе	7481	None	None
1337	не	7487	None	None
1338	обязательно	7490	None	None
1339	дарить	7502	None	None
1340	мне	7509	coref	1445
1341	цветы	7513	None	None
1342	и	7519	None	None
1343	подарки	7521	None	None
1344	каждый	7529	None	None
1345	день	7536	None	None
1346	,	7540	None	None
1347	но	7542	None	None
1348	неплохо	7545	None	None
1349	получать	7553	None	None
1350	каждый	7562	None	None
1351	день	7569	None	None
1352	помощь	7574	None	None
1353	на	7581	None	None
1354	кухне	7584	None	None
1355	или	7590	None	None
1356	по	7594	None	None
1357	уходу	7597	None	None
1358	за	7603	None	None
1359	детьми	7606	None	None
1360	.	7613	None	None
1361	Хочу	7614	None	None
1362	иметь	7619	None	None
1363	любимую	7625	None	None
1364	работу	7633	None	None
1365	,	7639	None	None
1366	хочу	7641	None	None
1367	сделать	7646	None	None
1368	карьеру	7654	None	None
1369	и	7662	None	None
1370	чтобы	7664	None	None
1371	при	7670	None	None
1372	этом	7674	None	None
1373	муж	7679	coref	1466
1374	,	7682	None	None
1375	если	7684	None	None
1376	он	7689	coref	1466
1377	будет	7692	None	None
1378	зарабатывать	7698	None	None
1379	меньше	7711	None	None
1380	меня	7718	coref	1445
1381	,	7722	None	None
1382	не	7724	None	None
1383	страдал	7727	None	None
1384	от	7735	None	None
1385	комплекса	7738	None	None
1386	неполноценности	7748	None	None
1387	и	7764	None	None
1388	не	7766	None	None
1389	кричал	7769	None	None
1390	Женщина	7776	None	None
1391	,	7783	None	None
1392	на	7785	None	None
1393	кухню	7788	None	None
1394	!	7794	None	None
1395	.	7796	None	None
1396	Очень	7797	None	None
1397	хочется	7803	None	None
1398	,	7810	None	None
1399	чтобы	7812	None	None
1400	на	7818	None	None
1401	работе	7821	None	None
1402	учитывали	7828	None	None
1403	мои	7838	coref	1445
1404	профессиональные	7842	None	None
1405	,	7858	None	None
1406	а	7860	None	None
1407	не	7862	None	None
1408	чисто	7865	None	None
1409	женские	7871	None	None
1410	достоинства	7879	None	None
1411	и	7891	None	None
1412	чтобы	7893	None	None
1413	мне	7899	coref	1445
1414	не	7903	None	None
1415	пришлось	7906	None	None
1416	работать	7915	None	None
1417	в	7924	None	None
1418	три	7926	None	None
1419	раза	7930	None	None
1420	больше	7935	None	None
1421	своих	7942	coref	1445
1422	коллег	7948	None	None
1423	мужского	7955	None	None
1424	пола	7964	None	None
1425	,	7968	None	None
1426	чтобы	7970	None	None
1427	оценили	7976	None	None
1428	мои	7984	coref	1445
1429	успехи	7988	None	None
1430	.	7995	None	None
1431	Устала	7996	None	None
1432	слышать	8003	None	None
1433	:	8011	None	None
1434	Она	8013	coref	1445
1435	,	8016	None	None
1436	оказывается	8018	None	None
1437	,	8029	None	None
1438	ещё	8031	None	None
1439	и	8035	None	None
1440	умная	8037	None	None
1441	!	8043	None	None
1442	Не	8044	None	None
1443	комплимент	8047	None	None
1444	это	8058	None	None
1445	,	8061	None	None
1446	не	8063	None	None
1447	комплимент	8066	None	None
1448	…	8077	None	None
1449	Очень	8078	None	None
1450	хочется	8084	None	None
1451	обойтись	8092	None	None
1452	без	8101	None	None
1453	харассмента	8105	coref	1467
1454	(	8117	None	None
1455	сексуальные	8119	None	None
1456	домогательства	8131	coref	1467
1457	)	8146	None	None
1458	,	8147	None	None
1459	который	8149	coref	1467
1460	также	8157	None	None
1461	является	8163	None	None
1462	формой	8172	None	None
1463	дискриминации	8179	None	None
1464	.	8193	None	None
1465	Это	8194	None	None
1466	слово	8198	coref	1467
1467	означает	8204	None	None
1468	не	8213	None	None
1469	только	8216	None	None
1470	физическое	8223	None	None
1471	насилие	8234	None	None
1472	и	8242	None	None
1473	нежелательные	8244	None	None
1474	прикосновения	8258	None	None
1475	,	8271	None	None
1476	а	8273	None	None
1477	также	8275	None	None
1478	ещё	8281	None	None
1479	неприличные	8285	None	None
1480	шутки	8297	None	None
1481	,	8302	None	None
1482	оскорбительные	8304	None	None
1483	высказывания	8319	None	None
1484	.	8332	None	None
1485	На	8333	None	None
1486	Западе	8336	None	None
1487	этот	8343	None	None
1488	вопрос	8348	None	None
1489	нашёл	8355	None	None
1490	законодательное	8361	None	None
1491	решение	8377	None	None
1492	.	8385	None	None
1493	У	8386	None	None
1494	нас	8388	None	None
1495	же	8392	None	None
1496	довольно	8395	None	None
1497	часто	8404	None	None
1498	подобное	8410	None	None
1499	поведение	8419	None	None
1500	со	8429	None	None
1501	стороны	8432	None	None
1502	мужчин	8440	None	None
1503	воспринимается	8447	None	None
1504	женщиной	8462	coref	1468
1505	как	8471	None	None
1506	свидетельство	8475	None	None
1507	её	8489	coref	1468
1508	привлекательности	8492	None	None
1509	и	8510	None	None
1510	поэтому	8512	None	None
1511	едва	8520	None	None
1512	ли	8525	None	None
1513	не	8528	None	None
1514	как	8531	None	None
1515	желаемое	8535	None	None
1516	явление	8544	None	None
1517	.	8552	None	None
1518	Хочу	8553	None	None
1519	не	8558	None	None
1520	слышать	8561	None	None
1521	сальных	8569	None	None
1522	шуток	8577	None	None
1523	и	8583	None	None
1524	анекдотов	8585	None	None
1525	от	8595	None	None
1526	друзей	8598	None	None
1527	,	8604	None	None
1528	коллег	8606	None	None
1529	,	8612	None	None
1530	а	8614	None	None
1531	также	8616	None	None
1532	в	8622	None	None
1533	интернете	8624	None	None
1534	,	8633	None	None
1535	по	8635	None	None
1536	радио	8638	None	None
1537	и	8644	None	None
1538	со	8646	None	None
1539	стороны	8649	None	None
1540	прочих	8657	None	None
1541	других	8664	None	None
1542	СМИ	8671	None	None
1543	.	8675	None	None
1544	Особенно	8676	None	None
1545	почему	8685	None	None
1546	-	8691	None	None
1547	то	8692	None	None
1548	раздражают	8695	None	None
1549	анекдоты	8706	None	None
1550	про	8715	None	None
1551	блондинку	8719	None	None
1552	.	8729	None	None
1553	Во-первых	8730	None	None
1554	,	8739	None	None
1555	надоело	8741	None	None
1556	,	8748	None	None
1557	потому	8750	None	None
1558	что	8757	None	None
1559	уже	8761	None	None
1560	не	8765	None	None
1561	смешно	8768	None	None
1562	.	8775	None	None
1563	А	8776	None	None
1564	во-вторых	8778	None	None
1565	,	8787	None	None
1566	почему	8789	None	None
1567	,	8795	None	None
1568	собственно	8797	None	None
1569	,	8807	None	None
1570	нет	8809	None	None
1571	анекдотов	8813	None	None
1572	про	8823	None	None
1573	глупых	8827	None	None
1574	блондинов	8834	None	None
1575	?	8844	None	None
1576	Хоть	8845	None	None
1577	какое	8850	None	None
1578	-	8855	None	None
1579	то	8856	None	None
1580	разнообразие	8859	None	None
1581	было	8872	None	None
1582	бы	8877	None	None
1583	…	8880	None	None
1584	Хочу	8881	None	None
1585	,	8885	None	None
1586	чтобы	8887	None	None
1587	меня	8893	coref	1445
1588	не	8898	None	None
1589	воспринимали	8901	None	None
1590	как	8914	None	None
1591	украшение	8918	None	None
1592	стола	8928	None	None
1593	и	8934	None	None
1594	декоративный	8936	None	None
1595	элемент	8949	None	None
1596	прочих	8957	None	None
1597	мероприятий	8964	None	None
1598	.	8976	None	None
1599	Хочу	8977	None	None
1600	не	8982	None	None
1601	бояться	8985	None	None
1602	,	8992	None	None
1603	когда	8994	None	None
1604	иду	9000	None	None
1605	одна	9004	None	None
1606	по	9009	None	None
1607	вечерней	9012	None	None
1608	улице	9021	None	None
1609	,	9026	None	None
1610	да	9028	None	None
1611	и	9031	None	None
1612	не	9033	None	None
1613	только	9036	None	None
1614	по	9043	None	None
1615	вечерней	9046	None	None
1616	.	9055	None	None
1617	Меня	9056	None	None
1618	бесит	9061	None	None
1619	,	9066	None	None
1620	когда	9068	None	None
1621	кто	9074	None	None
1622	-	9077	None	None
1623	то	9078	None	None
1624	заявляет	9081	None	None
1625	,	9089	None	None
1626	что	9091	None	None
1627	жертва	9095	None	None
1628	насилия	9102	coref	1469
1629	сама	9110	None	None
1630	же	9115	None	None
1631	его	9118	coref	1469
1632	(	9122	None	None
1633	насилие	9124	None	None
1634	)	9132	None	None
1635	и	9134	None	None
1636	спровоцировала	9136	None	None
1637	,	9150	None	None
1638	поскольку	9152	None	None
1639	её	9162	None	None
1640	юбка	9165	None	None
1641	была	9170	None	None
1642	короче	9175	None	None
1643	,	9181	None	None
1644	чем	9183	None	None
1645	положено	9187	None	None
1646	.	9196	None	None
1647	Не	9197	None	None
1648	слишком	9200	None	None
1649	ли	9208	None	None
1650	многого	9211	None	None
1651	я	9219	coref	1445
1652	хочу	9221	None	None
1653	?	9226	None	None
1654	Думаю	9227	None	None
1655	,	9232	None	None
1656	что	9234	None	None
1657	нет	9238	None	None
1658	.	9242	None	None
1659	Мужчины	9243	None	None
1660	же	9251	None	None
1661	обладают	9254	None	None
1662	этой	9263	None	None
1663	привилегией	9268	None	None
1664	—	9280	None	None
1665	быть	9282	None	None
1666	уважаемыми	9287	None	None
1667	…	9298	None	None
1668	И	9299	None	None
1669	конец	9301	None	None
1670	света	9307	None	None
1671	не	9313	None	None
1672	наступит	9316	None	None
1673	,	9324	None	None
1674	если	9326	None	None
1675	начнут	9331	None	None
1676	уважать	9338	None	None
1677	и	9346	None	None
1678	женщин	9348	None	None
1679	.	9355	None	None
1680	И	9356	None	None
1681	не	9358	None	None
1682	только	9361	None	None
1683	8	9368	None	None
1684	марта	9370	None	None
1685	,	9375	None	None
1686	а	9377	None	None
1687	круглый	9379	None	None
1688	год	9387	None	None
1689	.	9391	None	None
